正反同义标签,格式标签,否定式,肯定式
1,看我不,她自顶至趾，也比不上我徒弟的一根鸟毛，看上她，是她的光彩，可恨她不识抬举，犹要推三阻四，这还不说，如今倒好，竟然要我徒弟为她搭上性命，娘的臭皮，惹翻了我，看我不杀他一个血流尸横，鸡飞狗跳！,她自顶至趾，也比不上我徒弟的一根鸟毛，看上她，是她的光彩，可恨她不识抬举，犹要推三阻四，这还不说，如今倒好，竟然要我徒弟为她搭上性命，娘的臭皮，惹翻了我，看我杀他一个血流尸横，鸡飞狗跳！
1,好不a,赫连锤忆起那日惨败于二人之手，好不尴尬，招呼也不打，只顾低头狠吃；铁蛋不知世俗礼数，也斜著两只醉眼直在两人脸上转来转去，连帅芙蓉介绍的话也没能听清楚，只在喉咙里发出“唔唔唔”的声音。,赫连锤忆起那日惨败于二人之手，好尴尬，招呼也不打，只顾低头狠吃；铁蛋不知世俗礼数，也斜著两只醉眼直在两人脸上转来转去，连帅芙蓉介绍的话也没能听清楚，只在喉咙里发出“唔唔唔”的声音。
0,好不a,”灰衣汉子心知遇上了硬点，翻着白眼于，说道：“你老好不讲理，在下又没招惹你老……”祝文华道：“老夫行走江湖，眼里揉不进半粒砂子，朋友从磨子潭缀着老夫下来，准备去报讯是不是？,”灰衣汉子心知遇上了硬点，翻着白眼于，说道：“你老好讲理，在下又没招惹你老……”祝文华道：“老夫行走江湖，眼里揉不进半粒砂子，朋友从磨子潭缀着老夫下来，准备去报讯是不是？
0,难免不,平时没有削球手做对立面，比赛中难免不适应、不习惯。,平时没有削球手做对立面，比赛中难免适应、不习惯。
1,好不a,可是，山下的却是辉煌的灯火、升腾的烟花，好不热闹。走进饭堂，炒好的菜已冻在中，再看看身边低头不的战士，心头感慨万千！,可是，山下的却是辉煌的灯火、升腾的烟花，好热闹。走进饭堂，炒好的菜已冻在中，再看看身边低头不的战士，心头感慨万千！
1,差点没,芷芽在家里蹲了十天，吃了十四片干土司、七顿鸡蛋泡面及另外一顿＂面泡鸡蛋＂后，总算接一了一份快递，原来是那家＂运业＂来信通知她去面试，她兴奋得差点没去啃坏那封信！,芷芽在家里蹲了十天，吃了十四片干土司、七顿鸡蛋泡面及另外一顿＂面泡鸡蛋＂后，总算接一了一份快递，原来是那家＂运业＂来信通知她去面试，她兴奋得差点去啃坏那封信！
1,差点没,一次会车的时候，麦克曼纽斯差点没被饼噎死―――在旁边的那辆车里，一位女士正歪着头，好像在跟邻座的情人热吻。,一次会车的时候，麦克曼纽斯差点被饼噎死―――在旁边的那辆车里，一位女士正歪着头，好像在跟邻座的情人热吻。
1,差点没,他把屋子安排了一下，整理了一下，差点儿没置办东西。,他把屋子安排了一下，整理了一下，差点儿置办东西。
1,难免不,本人尽管于此小心，也难免不上其当。,本人尽管于此小心，也难免上其当。
0,几乎没,过了一会儿，才轻声细气，几乎没张开他那薄薄的嘴唇，好像是冲着烟斗说话似地开门道：“因为……是呀，因为这儿一下子出现了非常奇怪的流言，说是……所以，作为一个朋友，我觉得有义务把事情了解清楚。,过了一会儿，才轻声细气，几乎张开他那薄薄的嘴唇，好像是冲着烟斗说话似地开门道：“因为……是呀，因为这儿一下子出现了非常奇怪的流言，说是……所以，作为一个朋友，我觉得有义务把事情了解清楚。
1,好不a,我唱了几声，毫无效果，好不丢脸，只是轻轻地敲敲那扇完好无损的橱窗玻璃，引那位装饰师注意我。,我唱了几声，毫无效果，好丢脸，只是轻轻地敲敲那扇完好无损的橱窗玻璃，引那位装饰师注意我。
1,差点没,”长太爷差点没给她推倒。,”长太爷差点给她推倒。
1,差点没,我从她俩掌间接下一搪瓷盆米饭，手一软，差点没掉了，忙用另一只手托住。,我从她俩掌间接下一搪瓷盆米饭，手一软，差点掉了，忙用另一只手托住。
0,不要太a,"吴教授认为取名确实有学问,既要避免重名,又要有意义,还要注意不要太冷癖。","吴教授认为取名确实有学问,既要避免重名,又要有意义,还要注意太冷癖。"
1,好不a,“送子观音显灵”之日，那些善男信女来了，大队干部带着其他社员群众也来了，旧庙中好不热闹。只见年过六旬的社员叶德抢先站在“送子观音”旁边，一本正经地说：“我是送子罗汉，要拜观音先得拜我。,“送子观音显灵”之日，那些善男信女来了，大队干部带着其他社员群众也来了，旧庙中好热闹。只见年过六旬的社员叶德抢先站在“送子观音”旁边，一本正经地说：“我是送子罗汉，要拜观音先得拜我。
1,看我不,看我不教训你！,看我教训你！
0,不要太a,拔管前清除呼吸道分泌物，对老年人吸弓次时间不要太长。呼吸功能正常，咳嗽排废有力，吞咽反射活跃，抬头举腿ＳＳ，可考虑拔管，一旦拔管后窒息，立Ｂｌｌ托起下颌、人工呼吸，必要再次插管，保持呼吸道通畅，口腔面部手术病人应延迟至病人完全清醒一段时间，拔管后加强监测，必要时带管回病房。,拔管前清除呼吸道分泌物，对老年人吸弓次时间太长。呼吸功能正常，咳嗽排废有力，吞咽反射活跃，抬头举腿ＳＳ，可考虑拔管，一旦拔管后窒息，立Ｂｌｌ托起下颌、人工呼吸，必要再次插管，保持呼吸道通畅，口腔面部手术病人应延迟至病人完全清醒一段时间，拔管后加强监测，必要时带管回病房。
1,差点没,”我跟胖子一听这话差点没吐血，真是敢上我们哥儿俩烧香，连佛爷都掉腚。,”我跟胖子一听这话差点吐血，真是敢上我们哥儿俩烧香，连佛爷都掉腚。
0,差点没,”恰茨基冷冷地说：“就让他的头颈骨折断吧，您自己差一点没有命啦。,”恰茨基冷冷地说：“就让他的头颈骨折断吧，您自己差一点命啦。
0,不要太a,１９８３年１月１２日，邓小平会见墨西哥客人，在谈到发展中国家的债务，他说：建设量力而行，这是我们的方针，宁肯速度不要太快，也不要欠太多的债，借债必须放在有能力偿还的基础上。,１９８３年１月１２日，邓小平会见墨西哥客人，在谈到发展中国家的债务，他说：建设量力而行，这是我们的方针，宁肯速度太快，也不要欠太多的债，借债必须放在有能力偿还的基础上。
1,好不a,当我们急急忙忙赶到附近的一家超级商场欲买油炸春卷时，不巧货早就卖完了，令人好不遗憾。抱着一线希望找到营业员问她是否还会再加工，她答说一天就只加工一次。,当我们急急忙忙赶到附近的一家超级商场欲买油炸春卷时，不巧货早就卖完了，令人好遗憾。抱着一线希望找到营业员问她是否还会再加工，她答说一天就只加工一次。
1,好不a,她们几个仍在脸上下着功夫，用美国睫毛膏美国口红把一个个收拾得人面桃花，好不漂亮。我朗声招呼大伙儿道：“各位，各位，入席啦！,她们几个仍在脸上下着功夫，用美国睫毛膏美国口红把一个个收拾得人面桃花，好漂亮。我朗声招呼大伙儿道：“各位，各位，入席啦！
1,差点没,史兆昌惊得差点没摔倒。,史兆昌惊得差点摔倒。
1,差点没,范小四他们，替安永红除绊制造了一起车祸，让新来的张市长死于非命；而安永红他们制造了一起爆炸事件，差点没让那个纪检副书记粉身碎骨？,范小四他们，替安永红除绊制造了一起车祸，让新来的张市长死于非命；而安永红他们制造了一起爆炸事件，差点让那个纪检副书记粉身碎骨？
0,好不a,”沈父拉长耳朵在听，沈母则戴着老花眼镜猛打量马纯欣，让她好不自在，甚至让她感觉她好像是一样准备沽价出售的货品。,”沈父拉长耳朵在听，沈母则戴着老花眼镜猛打量马纯欣，让她好自在，甚至让她感觉她好像是一样准备沽价出售的货品。
1,好不a,陈小凤心里好不难过，在礼貌上，她还不得不违心地道：“不用惊动他了，我们谈谈也是一样。,陈小凤心里好难过，在礼貌上，她还不得不违心地道：“不用惊动他了，我们谈谈也是一样。
1,不要太a,现在的人别看外表上玩的疯，心里不要太空虚噢！,现在的人别看外表上玩的疯，心里太空虚噢！
0,a不死r,老不死这时站在戈白身旁，凑着脸上下左右盯着他看。,老死这时站在戈白身旁，凑着脸上下左右盯着他看。
1,好不a,”1960年初，又新垦了八十多万亩荒芜茶园、榛林，“茶苗绿油油，螺旋上山头，机器开上山，拖拉机顶老牛”，使人好不兴奋！一首歌，典型地对比了解放前后的山区面貌：山高路远石头多，一阵暴雨水成河，十有九家光棍汉，姑娘不爱上山坡；如今山区大改变，茶林满山粮食多，姑娘爱的勤劳汉，平原女儿嫁上坡。,”1960年初，又新垦了八十多万亩荒芜茶园、榛林，“茶苗绿油油，螺旋上山头，机器开上山，拖拉机顶老牛”，使人好兴奋！一首歌，典型地对比了解放前后的山区面貌：山高路远石头多，一阵暴雨水成河，十有九家光棍汉，姑娘不爱上山坡；如今山区大改变，茶林满山粮食多，姑娘爱的勤劳汉，平原女儿嫁上坡。
1,好不a,”一群仆人提着水桶追在她后面，不时要注意不让水溢出来，又要忙着赶上馥儿，好不狼狈。带头的吴阳不停地大吼：“小姐，快停下来，火，火啊！,”一群仆人提着水桶追在她后面，不时要注意不让水溢出来，又要忙着赶上馥儿，好狼狈。带头的吴阳不停地大吼：“小姐，快停下来，火，火啊！
0,不要太a,不要太实际，带一点中世纪传奇气氛，做人可以美丽些。,太实际，带一点中世纪传奇气氛，做人可以美丽些。
1,好不a,”※※※两个模样可爱的华服小公子，正大摇大摆的在街上走着，两人东奔西跑，好不快活。没错，他们其中一个人是吓死人不偿命的绿涵，一个是刁钻精灵的无心。,”※※※两个模样可爱的华服小公子，正大摇大摆的在街上走着，两人东奔西跑，好快活。没错，他们其中一个人是吓死人不偿命的绿涵，一个是刁钻精灵的无心。
1,差点没,他把双手插在衣袋里，“也许我就是爱你这一点老派――差点儿没在襟前插枝钢笔，或是在下腋别一条手绢。,他把双手插在衣袋里，“也许我就是爱你这一点老派――差点儿在襟前插枝钢笔，或是在下腋别一条手绢。
1,好不a,只见这可爱的小女孩儿，头戴一顶“公主”小红帽，身着一套质地、做工都颇讲究的真皮套衫，脚蹬一双小马靴，脖子上还挂着一条镶着宝石、闪闪发光的金项链，走起路来一晃一晃的，好不神气。镜头二：先施大厦儿童服装柜前，一个七八岁男孩的小手指向一套标价180元的台湾“牛仔”童装，身后跟着的妈妈毫不犹豫地掏钱买下。,只见这可爱的小女孩儿，头戴一顶“公主”小红帽，身着一套质地、做工都颇讲究的真皮套衫，脚蹬一双小马靴，脖子上还挂着一条镶着宝石、闪闪发光的金项链，走起路来一晃一晃的，好神气。镜头二：先施大厦儿童服装柜前，一个七八岁男孩的小手指向一套标价180元的台湾“牛仔”童装，身后跟着的妈妈毫不犹豫地掏钱买下。
1,差点没,姓林的新屋主好奇诡异地打量着凌锦岚，忍不住脱口损损这个傲慢绅士的锐气：“我本来有些怀疑，这间房子怎么卖得这么便宜，不晓得有什么不干净或不妥当原本怒火中烧的凌锦岚气得脸色紫涨，差点没脑溢血。,姓林的新屋主好奇诡异地打量着凌锦岚，忍不住脱口损损这个傲慢绅士的锐气：“我本来有些怀疑，这间房子怎么卖得这么便宜，不晓得有什么不干净或不妥当原本怒火中烧的凌锦岚气得脸色紫涨，差点脑溢血。
1,差点没,两个人来到夜总会，胡延平把门一打开，一股潮湿气和物品腐烂混合在一起的怪味就扑面而来，熏得郭健差点没干呕起来，连大气都不敢喘。,两个人来到夜总会，胡延平把门一打开，一股潮湿气和物品腐烂混合在一起的怪味就扑面而来，熏得郭健差点干呕起来，连大气都不敢喘。
1,差点没,余式燕玉一见那蛟带着洪水迎面冲来，惊慌百忙中先不知两镖打中没有，匆匆往侧纵避，如非身法轻灵，一见水到，忙即纵起，将左近树枝攀住援将上去，差一点没被洪水冲倒。,余式燕玉一见那蛟带着洪水迎面冲来，惊慌百忙中先不知两镖打中没有，匆匆往侧纵避，如非身法轻灵，一见水到，忙即纵起，将左近树枝攀住援将上去，差一点被洪水冲倒。
0,不要太a,”“所以他这样逃走，兄弟，你也不要太高兴。”司马东城正色道：“这只是表示，他的武功比你们想像的还要高强。,”“所以他这样逃走，兄弟，你也太高兴。”司马东城正色道：“这只是表示，他的武功比你们想像的还要高强。
1,好不a,但打来打去，真假混杂，消费者也更没了购物欲望，倒是不少商家被“折”得亏损负债好不尴尬。在各种招法屡试屡败之后，一些有远见的经营者开始在服务上下起功夫，服务品牌的亮相即是一例。,但打来打去，真假混杂，消费者也更没了购物欲望，倒是不少商家被“折”得亏损负债好尴尬。在各种招法屡试屡败之后，一些有远见的经营者开始在服务上下起功夫，服务品牌的亮相即是一例。
1,差点没,回到水晶宫这座金碧辉煌、美轮美奂的宫殿，段香凝差点没流下眼泪来。,回到水晶宫这座金碧辉煌、美轮美奂的宫殿，段香凝差点流下眼泪来。
1,差点没,这三个月来他要应付原来那群手下，又要搞定战家的四海航运，差点没让他累死在海龙岛上。,这三个月来他要应付原来那群手下，又要搞定战家的四海航运，差点让他累死在海龙岛上。
1,险些没,主人在一旁 吹吹打打，一口一个“画屋师爹”，叫得战战兢兢，险些没把他当成招财纳福的神仙，摆上供桌上烧一炷香了。,主人在一旁 吹吹打打，一口一个“画屋师爹”，叫得战战兢兢，险些把他当成招财纳福的神仙，摆上供桌上烧一炷香了。
1,好不a,”耶莉亚好不失望。“是他们不让我们回去的，你看――”韩雨拿了最后一张画稿给她。,”耶莉亚好失望。“是他们不让我们回去的，你看――”韩雨拿了最后一张画稿给她。
0,几乎没,几乎没想，他就走过去，搬起那张竹梯靠住已熄了灯的窗台边。,几乎想，他就走过去，搬起那张竹梯靠住已熄了灯的窗台边。
1,好不a,”她走下楼来，一肚子妒火，又不好发作，憋得好不难受。她走过二楼楼梯转角的时候，客厅的门忽然开了。,”她走下楼来，一肚子妒火，又不好发作，憋得好难受。她走过二楼楼梯转角的时候，客厅的门忽然开了。
0,不要太a,此外，还要注意让宝宝所处的室温不要太高，在早晚天气凉爽再出去玩儿。,此外，还要注意让宝宝所处的室温太高，在早晚天气凉爽再出去玩儿。
1,好不a,他们爬上坦克，转动炮筒，玩得好不痛快。站在一旁的爷爷奶奶，有的胸前挂满勋章奖章，他们回首往年，战事峥嵘，看看眼前，露出满意的微笑。,他们爬上坦克，转动炮筒，玩得好痛快。站在一旁的爷爷奶奶，有的胸前挂满勋章奖章，他们回首往年，战事峥嵘，看看眼前，露出满意的微笑。
1,差点没,这位看起来柔弱的小女人还真不是普通的泼辣、暴力，她的拳头打得他快痛死了，骨头差点没散掉。,这位看起来柔弱的小女人还真不是普通的泼辣、暴力，她的拳头打得他快痛死了，骨头差点散掉。
1,差点没,他的下巴差点没跟着她的话一起掉下来。,他的下巴差点跟着她的话一起掉下来。
1,差点没,回到办公室，她走到梳妆间，对牢镜子，呆视，差点没惊呼出来。,回到办公室，她走到梳妆间，对牢镜子，呆视，差点惊呼出来。
0,不要太a,不要太多的机会，只要一点点就足够了。,太多的机会，只要一点点就足够了。
0,不要太a,有次“队前训话”多说了几句，韦钰马上举手：“报告队长，训话不要太长。”众哄然。,有次“队前训话”多说了几句，韦钰马上举手：“报告队长，训话太长。”众哄然。
1,差点没,莫云樊见状，差点没笑岔了气。,莫云樊见状，差点笑岔了气。
1,差点没,唉，威廉，我差点儿没把椅垫子冲着她扔过去。,唉，威廉，我差点儿把椅垫子冲着她扔过去。
0,不要太a,人们还记得，那年瓦尔德海姆竞选奥国总统也曾在欧洲国家引起涟漪，无非也是一种“不要太潇洒”的提示。,人们还记得，那年瓦尔德海姆竞选奥国总统也曾在欧洲国家引起涟漪，无非也是一种“太潇洒”的提示。
1,好不a,”他好不暧昧的扯唇。,”他好暧昧的扯唇。
1,好不a,这四条狼好不凶狠，玲儿走了单，去的人又有两个为狼所伤，等到看见有狼追他，相隔已远，如非老弟，怎能活命？,这四条狼好凶狠，玲儿走了单，去的人又有两个为狼所伤，等到看见有狼追他，相隔已远，如非老弟，怎能活命？
1,差点没,”梦琪失望的转身，步履温吞的踱到门边，正要转开门把，不期然被推门而进的人撞退了一大步，她抚住胸口，差点没被吓死。,”梦琪失望的转身，步履温吞的踱到门边，正要转开门把，不期然被推门而进的人撞退了一大步，她抚住胸口，差点被吓死。
1,小心别,这时薛乾尚等人已经折往南逃，薛乾尚领着众人，一出城就往东直窜，要让官兵以为众人想逃出海外，过了整整一天，又遇到了几小队官兵之后才忽而折向往南，猛然转向自然无路可走，一路只有披荆斩棘，还要小心别留下线索，速度当然变的缓慢下来，所以现在才刚抵达东极河。,这时薛乾尚等人已经折往南逃，薛乾尚领着众人，一出城就往东直窜，要让官兵以为众人想逃出海外，过了整整一天，又遇到了几小队官兵之后才忽而折向往南，猛然转向自然无路可走，一路只有披荆斩棘，还要小心留下线索，速度当然变的缓慢下来，所以现在才刚抵达东极河。
1,差点没,末雨看见火烤鲜尤鱼乐得直拍手，初云抓起一只赤甲红蟹子差点没夹住手指头，卫东则提篓一只晶亮透明一扎多长的大虾说道：“要吃吃这个！,末雨看见火烤鲜尤鱼乐得直拍手，初云抓起一只赤甲红蟹子差点夹住手指头，卫东则提篓一只晶亮透明一扎多长的大虾说道：“要吃吃这个！
1,难免不,在清党运动中难免不误伤好人。,在清党运动中难免误伤好人。
1,好不a,十楼主要是管理部门，偌大的办公室里人人埋首工作，好不努力的样子，他低声在苏珊娜耳边夸奖道：“你的公司果然了不起，每个人都很认真工作，没有一个人偷懒，我从没见过工作效率这么集中的公司。,十楼主要是管理部门，偌大的办公室里人人埋首工作，好努力的样子，他低声在苏珊娜耳边夸奖道：“你的公司果然了不起，每个人都很认真工作，没有一个人偷懒，我从没见过工作效率这么集中的公司。
0,不要太a,第一你的表情不要太严肃；做一些鬼脸，打断你脸上的观念，持续做20个试试看。,第一你的表情太严肃；做一些鬼脸，打断你脸上的观念，持续做20个试试看。
1,差点没,＂董月菱差点没起立的鼓掌。,＂董月菱差点起立的鼓掌。
1,好不a,这家伙好大的酒量，这一葫芦少说也有五斤左右，自己师徒们三人尚未饮尽，这东西居然饮两大葫芦，好不惊人！这猴儿酒初饮似毫无酒劲，可是后劲极大，继志仅饮了数杯，这会儿已略感有点头昏，这怪物不知根源，只图眼前快活，满饮两葫芦之后已步履蹒跚，一时酒性大发，一振手已闹了约半盏茶的时间，才倚树醉倒。,这家伙好大的酒量，这一葫芦少说也有五斤左右，自己师徒们三人尚未饮尽，这东西居然饮两大葫芦，好惊人！这猴儿酒初饮似毫无酒劲，可是后劲极大，继志仅饮了数杯，这会儿已略感有点头昏，这怪物不知根源，只图眼前快活，满饮两葫芦之后已步履蹒跚，一时酒性大发，一振手已闹了约半盏茶的时间，才倚树醉倒。
1,难免不,但前一种“硬留”的办法往往效果不好，即使你用种种禁条把人才留了下来，也难免不使他“人在曹营心在汉”，不能发挥应有的作用。,但前一种“硬留”的办法往往效果不好，即使你用种种禁条把人才留了下来，也难免使他“人在曹营心在汉”，不能发挥应有的作用。
1,差点没,李铁见他碍路，一伸胳膊往旁一拨，那伪军一仄歪差点没倒了。,李铁见他碍路，一伸胳膊往旁一拨，那伪军一仄歪差点倒了。
0,不要太a,电视性病的预防与治疗，首先要避免诱发因素，看电视，房间不要太暗，距离不要太近（大于２．５米），时间不易过长。,电视性病的预防与治疗，首先要避免诱发因素，看电视，房间不要太暗，距离太近（大于２．５米），时间不易过长。
0,几乎没,还几乎没让你们恢复体力呢！,还几乎让你们恢复体力呢！
0,不要太a,石家庄商务中心规划面积不要太大石家庄的规划者们很自信，认为这几年在逐渐积累，逐渐聚集大的办公楼、写字楼，已初具规模，城市中心的形象开始显现。,石家庄商务中心规划面积太大石家庄的规划者们很自信，认为这几年在逐渐积累，逐渐聚集大的办公楼、写字楼，已初具规模，城市中心的形象开始显现。
1,差点没,倒是你，能活在这个世界是很幸福的，不像我做了天使，整天在无聊的天堂里逛啊逛的，差点没把我闷死。,倒是你，能活在这个世界是很幸福的，不像我做了天使，整天在无聊的天堂里逛啊逛的，差点把我闷死。
1,看我不,你要敢在外面寻花问柳，看我不拿剪子捅了你！,你要敢在外面寻花问柳，看我拿剪子捅了你！
0,不要太a,你还是不要太难过，一心替他的灵魂祈祷，做些功德来得好，他生前也许免不了犯下一些罪过，正需要有人替他祈祷赎罪呢。,你还是太难过，一心替他的灵魂祈祷，做些功德来得好，他生前也许免不了犯下一些罪过，正需要有人替他祈祷赎罪呢。
1,好不a,”她嘻笑得好不诡异。“以这方向，定然逃进云真寺，近来寺里都是郡南王府的卫兵镇守，可有好戏看了！,”她嘻笑得好诡异。“以这方向，定然逃进云真寺，近来寺里都是郡南王府的卫兵镇守，可有好戏看了！
1,差点没,”孟都气得只差一点儿没有吐血，厉声道：“叫你滚，你还在胡说什么？,”孟都气得只差一点儿吐血，厉声道：“叫你滚，你还在胡说什么？
1,差点没,常有理朝着灵芝的脊背噘了噘嘴，差一点没有骂出来。,常有理朝着灵芝的脊背噘了噘嘴，差一点骂出来。
1,好不a,闷哼迭起，血雨乱飞，好不威猛。海天龙胸前多出一个洞；何大海暗器未发成了独眼龙；温蚊断了一条臂；马月的小腹被刺透，狼狈之极。,闷哼迭起，血雨乱飞，好威猛。海天龙胸前多出一个洞；何大海暗器未发成了独眼龙；温蚊断了一条臂；马月的小腹被刺透，狼狈之极。
1,差点没,杨大年急得差点没发疯，就这几天功夫的折腾，他居然瘦下去一个圈子，衣服能够多打个摺子了。,杨大年急得差点发疯，就这几天功夫的折腾，他居然瘦下去一个圈子，衣服能够多打个摺子了。
0,不要太a,　要站在一处，却不要太密迩,　要站在一处，却太密迩
0,不要太a,但时间要掌握好，不要太长。二、文字宣传比口头宣传更优越一些，不受时间和空间限制。,但时间要掌握好，太长。二、文字宣传比口头宣传更优越一些，不受时间和空间限制。
1,差点没,”范舒荷一听，高兴得差点没跳起来抱著他亲。,”范舒荷一听，高兴得差点跳起来抱著他亲。
0,不要太a,文荃心没好气地回到：“做人不要太过分，我是在帮你的忙。,文荃心没好气地回到：“做人太过分，我是在帮你的忙。
0,几乎没,」志人君头也不回地说:「从传动轴到包厢都被他分解了，几乎没使用任何工具就拆毁了。,」志人君头也不回地说:「从传动轴到包厢都被他分解了，几乎使用任何工具就拆毁了。
0,好不a,表面已出发的皇阴公，其实一直不曾离开过“皇京城”，他看不见小白被杀死，心底就是好不安宁。果然，三皇爷二百“皇卫军”，也杀不了原已重创的小白！,表面已出发的皇阴公，其实一直不曾离开过“皇京城”，他看不见小白被杀死，心底就是好安宁。果然，三皇爷二百“皇卫军”，也杀不了原已重创的小白！
1,差点没,当含有独特刺激性的双氧水触碰到她伤口时，她差点没痛的跳起来。,当含有独特刺激性的双氧水触碰到她伤口时，她差点痛的跳起来。
0,几乎没,运气真差，她几乎没弄出声音，竟然还是吵醒了恶魔……这下子，完蛋了。,运气真差，她几乎弄出声音，竟然还是吵醒了恶魔……这下子，完蛋了。
0,难免不,这样就避免了一人挡道，万夫莫进的弊病，必然加快了编写、出版的速度。当然，快就容易出纰漏，是局外人就难免不知情，何况又涉及到这么多门类、这么多人物，因之鲁鱼亥豕，错误不当之处是不能为编者曲讳的。,这样就避免了一人挡道，万夫莫进的弊病，必然加快了编写、出版的速度。当然，快就容易出纰漏，是局外人就难免知情，何况又涉及到这么多门类、这么多人物，因之鲁鱼亥豕，错误不当之处是不能为编者曲讳的。
1,差点没,”海澄低下头鼓了鼓腮，想起那皮包骨的竹竿儿，他差点没有吐出来。,”海澄低下头鼓了鼓腮，想起那皮包骨的竹竿儿，他差点吐出来。
1,小心别,在我好不容易找到你的爱之后，却又要如此无情地分隔你我……“把车里的安全带剪断，小心别伤到她了。,在我好不容易找到你的爱之后，却又要如此无情地分隔你我……“把车里的安全带剪断，小心伤到她了。
0,几乎没,谁知两臂相交，几乎没能抬起，醉汉只是很自然的向左抢出两步身子幌了两幌，但是他通胸前，由于稍微疏忽大意，被对方在衣衫上撕了约有寸许长的一道裂缝！,谁知两臂相交，几乎能抬起，醉汉只是很自然的向左抢出两步身子幌了两幌，但是他通胸前，由于稍微疏忽大意，被对方在衣衫上撕了约有寸许长的一道裂缝！
1,好不a,”骄阳的醋热，驱不走斗场上笼罩着的森森煞气，龙栖坪上，气氛在无比的紧张中，带着无比的肃杀，而人们的心也在狂跳着，热血在澎湃着，环境，融合着人们心里的感触，好不壮观，好不惨烈。,”骄阳的醋热，驱不走斗场上笼罩着的森森煞气，龙栖坪上，气氛在无比的紧张中，带着无比的肃杀，而人们的心也在狂跳着，热血在澎湃着，环境，融合着人们心里的感触，好壮观，好不惨烈。
0,几乎没,这么多年，他双休日几乎没休过，长年超负荷地工作。,这么多年，他双休日几乎休过，长年超负荷地工作。
1,好不a,牵挂了多年的事终于在此刻有了结果，他总算能放下心中的负担了，一张面容又哭又笑地好不滑稽他大哥的血脉保全了，他今世也没有遗憾了。,牵挂了多年的事终于在此刻有了结果，他总算能放下心中的负担了，一张面容又哭又笑地好滑稽他大哥的血脉保全了，他今世也没有遗憾了。
0,几乎没,彭伟民不像其他中关村的“大亨”们那么难找，几乎没费什么劲儿，便在西三环北路花园街６８号那幢乳白色小楼里“逮”住了...,彭伟民不像其他中关村的“大亨”们那么难找，几乎费什么劲儿，便在西三环北路花园街６８号那幢乳白色小楼里“逮”住了...
0,不要太a,步少堤张大嘴想告诉他们事情的始末，但想了想后，还是觉得不要太多嘴的好，免得泄露大多后会被修理，不过他们这样躲、那样逃的样子，看了实在是很令人同情。,步少堤张大嘴想告诉他们事情的始末，但想了想后，还是觉得太多嘴的好，免得泄露大多后会被修理，不过他们这样躲、那样逃的样子，看了实在是很令人同情。
1,好不a,无意中闯入了无忧团购的论坛，发现这小小的“二手市场”也是人来人往，好不热闹。虽然“无忧”二手市场的保障体系不安全，但上面的网友大部分是很诚信的买家。,无意中闯入了无忧团购的论坛，发现这小小的“二手市场”也是人来人往，好热闹。虽然“无忧”二手市场的保障体系不安全，但上面的网友大部分是很诚信的买家。
1,差点没,”姜飞方答：“可笑方才崖上所遇五人从后跟踪，差一点没有发生误会。,”姜飞方答：“可笑方才崖上所遇五人从后跟踪，差一点发生误会。
1,差点没,隔天我就顶着两个大黑轮去学校上课，梅芬差点没吐血，直问我昨晚做了什么不可见人的勾当。,隔天我就顶着两个大黑轮去学校上课，梅芬差点吐血，直问我昨晚做了什么不可见人的勾当。
1,好不a,”国香微笑，“你们一家人好不活泼。”大哥的声音：“你肯定是他？,”国香微笑，“你们一家人好活泼。”大哥的声音：“你肯定是他？
1,好不a,虽然仍是大白天，太阳暖暖地照着大地，凌云飞却觉得四周阴森森的，好不可怕，心中想道：“那蛇王也不知吃了多少人了，这方的人都怕成这个样，没有一个人敢进这一带。,虽然仍是大白天，太阳暖暖地照着大地，凌云飞却觉得四周阴森森的，好可怕，心中想道：“那蛇王也不知吃了多少人了，这方的人都怕成这个样，没有一个人敢进这一带。
0,不要太a,　“你不要太难过，他是因为病，心里不痛快……”,　“你太难过，他是因为病，心里不痛快……”
0,不要太a,男女职员若不穿公司制服，那么只要简单清洁即可，式样不要太老旧。,男女职员若不穿公司制服，那么只要简单清洁即可，式样太老旧。
1,好不a,这日――――＂水阁＂内充满银铃般的清脆笑语，好不热闹。“大姊，我们来了这么久，你还没告诉我们究竟有什么大事！,这日――――＂水阁＂内充满银铃般的清脆笑语，好热闹。“大姊，我们来了这么久，你还没告诉我们究竟有什么大事！
1,好不a,”她瞠目结舌，好不惊讶。就连她自己也仅在一张模糊照片中看过母亲的长相。,”她瞠目结舌，好惊讶。就连她自己也仅在一张模糊照片中看过母亲的长相。
0,几乎没,他们以征服者身份进行统治，对中国的制度或者中国人的生活方式几乎没作什么让步。,他们以征服者身份进行统治，对中国的制度或者中国人的生活方式几乎作什么让步。
1,好不a,〈畸情小剧场〉编剧：奸子是也本日公演剧名：断袖问情（变调篇）某日清晨，在王公公还未来请皇上起床时，皇上刘欣便先行醒来，转身想起床时，赫然发现自己的袖子被身旁熟睡的爱卿董贤两手抓住，并咬住不放，衣角上还沾满了“天衣神水”，看来好不恶心。刘欣不禁暗叫：“天啊！,〈畸情小剧场〉编剧：奸子是也本日公演剧名：断袖问情（变调篇）某日清晨，在王公公还未来请皇上起床时，皇上刘欣便先行醒来，转身想起床时，赫然发现自己的袖子被身旁熟睡的爱卿董贤两手抓住，并咬住不放，衣角上还沾满了“天衣神水”，看来好恶心。刘欣不禁暗叫：“天啊！
0,几乎没,哇，你制造的混乱还真棒！我几乎没看过这么大的奶水坑。,哇，你制造的混乱还真棒！我几乎看过这么大的奶水坑。
1,好不a,谈话间，刘增耀从左边衣兜里掏出“药葫芦”，倒出５粒速效救心丸，塞进嘴里，动作好不娴熟。我晓得，在他右边衣袋里还装着消心痛和山海丹，这是工人告诉我的。,谈话间，刘增耀从左边衣兜里掏出“药葫芦”，倒出５粒速效救心丸，塞进嘴里，动作好娴熟。我晓得，在他右边衣袋里还装着消心痛和山海丹，这是工人告诉我的。
1,好不a,大家你一言我一语的，好不热闹。“我不答应。,大家你一言我一语的，好热闹。“我不答应。
0,几乎没,“陪考官”们几乎没发问，只有那位“主考官”翻着我的简历表问了我几句话：“结婚了吗？,“陪考官”们几乎发问，只有那位“主考官”翻着我的简历表问了我几句话：“结婚了吗？
1,好不a,两姊妹笑得好不天真，“请问你是苏姊姊吗？,两姊妹笑得好天真，“请问你是苏姊姊吗？
1,好不a,四海讲得好不兴奋，忽闻鸡啼。,四海讲得好兴奋，忽闻鸡啼。
0,不要太a,如果不想变成黄脸婆，我劝大家，生活中的很多问题都要顺其自然，不要太强求，说白了就是仨字“想开点”。,如果不想变成黄脸婆，我劝大家，生活中的很多问题都要顺其自然，太强求，说白了就是仨字“想开点”。
1,好不a,“温婉的性情、甜美的笑容，她蕙质兰心得可说是人间极品，完美到叫人捶胸顿足，但是――一哭长城动，二哭山河裂，三哭惊天地，她的哭功无人能及，随时随地像个受尽委屈的小媳妇儿，只要一点点小触霉，她都有本事哭得让人以为一家老小死光光，好不悲惨。而她是三人之中，气质最“大家闺秀”、最“正常”的女人。,“温婉的性情、甜美的笑容，她蕙质兰心得可说是人间极品，完美到叫人捶胸顿足，但是――一哭长城动，二哭山河裂，三哭惊天地，她的哭功无人能及，随时随地像个受尽委屈的小媳妇儿，只要一点点小触霉，她都有本事哭得让人以为一家老小死光光，好悲惨。而她是三人之中，气质最“大家闺秀”、最“正常”的女人。
1,好不a,每逢节假日，家里都会开一次“家庭音乐会”，好不温馨。尤其是王宝枝，还花钱买二胡送给村里的老人，每周两个晚上，叫上村里的老人在自家花园唱芗剧。,每逢节假日，家里都会开一次“家庭音乐会”，好温馨。尤其是王宝枝，还花钱买二胡送给村里的老人，每周两个晚上，叫上村里的老人在自家花园唱芗剧。
0,几乎没,在情节的发展上，大副几乎没起任何作用，但他与船长的怀疑精神形成了对比,在情节的发展上，大副几乎起任何作用，但他与船长的怀疑精神形成了对比
1,差点没,小姨一听那话，眼睛立刻红了，差点没落下泪珠子来。,小姨一听那话，眼睛立刻红了，差点落下泪珠子来。
0,几乎没,往年每到暑假，“求租床位”的小广告早贴到各高校的宿舍区，但今年这样的小广告却几乎没出现过，因为非典过后不少高校明令学生禁止把床位出租。,往年每到暑假，“求租床位”的小广告早贴到各高校的宿舍区，但今年这样的小广告却几乎出现过，因为非典过后不少高校明令学生禁止把床位出租。
1,几乎没,”编剧赶到来，才听了任澄几句话，几乎没想上吊！,”编剧赶到来，才听了任澄几句话，几乎想上吊！
1,好不a,夜叉族──平静的村落里有几个小孩子正在玩耍，那笑声清清脆脆好不悦耳；但声音不知道为什么突然停了，村里的人人们还没来得及探出头来，孩子们已经惊叫起来！,夜叉族──平静的村落里有几个小孩子正在玩耍，那笑声清清脆脆好悦耳；但声音不知道为什么突然停了，村里的人人们还没来得及探出头来，孩子们已经惊叫起来！
1,好不a,适意忍痛地朝他摇摇首，好不痛心地逼自己不要被他所影响，努力的抵抗着那盘鲜嫩欲滴的美味烧肉所带给她的强大吸引力。,适意忍痛地朝他摇摇首，好痛心地逼自己不要被他所影响，努力的抵抗着那盘鲜嫩欲滴的美味烧肉所带给她的强大吸引力。
1,差点没,这件事在她心里所引起的，只是一种怜悯之情；这个顽皮的孩子只是为了讨她的欢心才想到上菜园子里去偷东西，而因为这个他差一点没把船误了。,这件事在她心里所引起的，只是一种怜悯之情；这个顽皮的孩子只是为了讨她的欢心才想到上菜园子里去偷东西，而因为这个他差一点把船误了。
0,难免不,有时我们认为可以了，他认为不行，则来一句陕西话：『别往过混！』他边记录边想点子，难免不理想,有时我们认为可以了，他认为不行，则来一句陕西话：『别往过混！』他边记录边想点子，难免理想
0,几乎没,学校规定上午7点半上班，下午4点半下班，可她几乎没能准时下班过。,学校规定上午7点半上班，下午4点半下班，可她几乎能准时下班过。
0,不要太a,虽然我觉得在大庭广众之下做出如此事情有失大雅，但我也会憋足全身气力回敬他一次，以此来证明我的存在，告诫隔壁不要太放肆，做人还是收敛一些的好，可我每次都是力不从心，无法做到惟妙惟肖，隔壁依旧在气焰嚣张地做着坏事，看着别人在我的面前兴风作浪、胡作非为而自己却束手无措，这就是人体功能造就的巨大悲哀，人比人气死人呀一个人在完成他的大便工作后，会收拾一下残局，用水将它们冲掉，它们被水冲走后也有两种不同的声音，一种是“扑嗵”的声音，仿佛一块巨石投入水中，这种声音的主人往往体魄健壮、身材魁,虽然我觉得在大庭广众之下做出如此事情有失大雅，但我也会憋足全身气力回敬他一次，以此来证明我的存在，告诫隔壁太放肆，做人还是收敛一些的好，可我每次都是力不从心，无法做到惟妙惟肖，隔壁依旧在气焰嚣张地做着坏事，看着别人在我的面前兴风作浪、胡作非为而自己却束手无措，这就是人体功能造就的巨大悲哀，人比人气死人呀一个人在完成他的大便工作后，会收拾一下残局，用水将它们冲掉，它们被水冲走后也有两种不同的声音，一种是“扑嗵”的声音，仿佛一块巨石投入水中，这种声音的主人往往体魄健壮、身材魁
1,就差没,」就差没追问一句：这跟「时局」何关？,」就差追问一句：这跟「时局」何关？
0,几乎没,”他说已经吃好了，我使劲摇头说，你几乎没吃东西嘛，哪能就吃好了？,”他说已经吃好了，我使劲摇头说，你几乎吃东西嘛，哪能就吃好了？
1,好不a,如今只要委托“猎头”，精兵强将任挑选，好不舒服！,如今只要委托“猎头”，精兵强将任挑选，好舒服！
1,差点没,她小嘴撇了一下，半责半嗔地勾了我一眼。这一眼，差点没让我喊：“魂兮归来!”,她小嘴撇了一下，半责半嗔地勾了我一眼。这一眼，差点让我喊：“魂兮归来!”
1,差点没,……”佟老师跳着脚，榨着那副女人似的嗓子叫着――嘴里那两颗金牙差点儿没掉下来。,……”佟老师跳着脚，榨着那副女人似的嗓子叫着――嘴里那两颗金牙差点儿掉下来。
0,几乎没,不像那几日，她孤身守在灵堂，他几乎没敢让她离开过自己视线，直到她住回坤宁宫。,不像那几日，她孤身守在灵堂，他几乎敢让她离开过自己视线，直到她住回坤宁宫。
0,不要太a,”“她有她的生长背景和苦难，你不要太严。”“我们犹太人难道不苦吗？,”“她有她的生长背景和苦难，你太严。”“我们犹太人难道不苦吗？
1,差点没,”元健差点没晕过去。,”元健差点晕过去。
0,不要太a,近年来由于燃气助动车增加较快，这方面的矛盾就比较突出了，燃气助动车的特点一是每次加气数量少，只有几元钱的生意，二是加气的频率高，车主一般都希望站点之间距离分布合理、不要太远。面对这些新的情况，有关部门正在考虑妥善的解决方案。,近年来由于燃气助动车增加较快，这方面的矛盾就比较突出了，燃气助动车的特点一是每次加气数量少，只有几元钱的生意，二是加气的频率高，车主一般都希望站点之间距离分布合理、太远。面对这些新的情况，有关部门正在考虑妥善的解决方案。
0,几乎没,萨拉几乎没听说过这事；她的思绪在另一条轨道上飞速奔驰着。,萨拉几乎听说过这事；她的思绪在另一条轨道上飞速奔驰着。
0,不要太a,龙飞正想询问细节，却被冰承祖的言语打断：“杰洛斯公子，您大病初愈，还是不要太劳累的比较好，先休息几天，过两天老朽在来和您祥谈。,龙飞正想询问细节，却被冰承祖的言语打断：“杰洛斯公子，您大病初愈，还是太劳累的比较好，先休息几天，过两天老朽在来和您祥谈。
0,不要太a,”金大帅道：“那好吧，你下手时不要太快了，也不要玩花活，头一刀可不要切在她脊背上。,”金大帅道：“那好吧，你下手时太快了，也不要玩花活，头一刀可不要切在她脊背上。
1,差点没,”她特别强调“小弟弟”三个字的发音，得意地差点没仰天长啸一番。,”她特别强调“小弟弟”三个字的发音，得意地差点仰天长啸一番。
0,不要太a,志华终于听出志国是在寻他开心，不由摇摇头，“不要太过分。”“Ｓｏｒｒｙ。,志华终于听出志国是在寻他开心，不由摇摇头，“太过分。”“Ｓｏｒｒｙ。
0,几乎没,阿荣坐在一旁一声不响地吃着饭，母亲和市子谈话时她几乎没说一句话。望着乖觉听话的阿荣，市子觉得她似乎变成了小孩子。,阿荣坐在一旁一声不响地吃着饭，母亲和市子谈话时她几乎说一句话。望着乖觉听话的阿荣，市子觉得她似乎变成了小孩子。
0,不要太a,纪叔是你的长辈，你不要太嚣张！”“我嚣张？,纪叔是你的长辈，你太嚣张！”“我嚣张？
0,不要太a,我劝你不要太积极，处处大公无私，结果是老婆也娶不上。,我劝你太积极，处处大公无私，结果是老婆也娶不上。
1,差点没,“凯撒”被这忽然的动作所激怒，差点没将他掀下来。,“凯撒”被这忽然的动作所激怒，差点将他掀下来。
1,看我不,看我不揍你！,看我揍你！
0,几乎没,”无钦轻叹了一口气，嘴角露出苦笑，心中却十分感慨，他小时命运悲惨，长大复仇之后又破人追杀，几乎没遇过一天好日子，闯出的尽是恶名，直到今日才算是有些扬眉吐气，他忍着心中激动，表面平静的对无乘大师道：“这是无钦份所当为……只要取一些木材焚烧，一个时辰后毒性尽去，可以重新比武。,”无钦轻叹了一口气，嘴角露出苦笑，心中却十分感慨，他小时命运悲惨，长大复仇之后又破人追杀，几乎遇过一天好日子，闯出的尽是恶名，直到今日才算是有些扬眉吐气，他忍着心中激动，表面平静的对无乘大师道：“这是无钦份所当为……只要取一些木材焚烧，一个时辰后毒性尽去，可以重新比武。
1,好不a,最近，关于客车价格的事情沸沸扬扬，好不热闹。但不论从什么角度看，承认也好，不认账也好，价格却是实实在在地打了起来。,最近，关于客车价格的事情沸沸扬扬，好热闹。但不论从什么角度看，承认也好，不认账也好，价格却是实实在在地打了起来。
1,好不a,因此，当我们名正言顺住进这占地面积20平方米的老式套房时，一家3代5口人乐得合不拢嘴，整天你进我出，欢声笑语，日子过得好不红火，好不舒心。但儿子和我总还觉得有点美中不足。,因此，当我们名正言顺住进这占地面积20平方米的老式套房时，一家3代5口人乐得合不拢嘴，整天你进我出，欢声笑语，日子过得好不红火，好舒心。但儿子和我总还觉得有点美中不足。
1,差点没,”铁狠风听到她的回答，头顶气得差点没冒烟。,”铁狠风听到她的回答，头顶气得差点冒烟。
0,不要太a,“还、还是不要太残忍的好。,“还、还是太残忍的好。
1,好不a,多次出差到福州，见火车站广场附近摊点上的水果很是鲜嫩，好不诱人；又听说“宰”客挺厉害的，只好作罢。,多次出差到福州，见火车站广场附近摊点上的水果很是鲜嫩，好诱人；又听说“宰”客挺厉害的，只好作罢。
1,就差没,”她来来回回地踱步、怒吼，就差没抡起金箍棒轰他出门。,”她来来回回地踱步、怒吼，就差抡起金箍棒轰他出门。
0,不要太a,用淘米水洗脸，头遍淘米水不要，留下清洁的二遍淘米水，加入一点温水，温度不要太高，淘米水里有维生素和淀粉；也可以在家里养一盆芦荟，每天切一点下来，榨出汁，把汁加入水中洗脸，或者直接把汁涂在痘痘上，芦荟有修复的作用；还有一招就是用牙膏，早晚涂一点点在痘痘上面，然后洗掉，牙膏可以刘女士之多拍脸法我读高中、大学时也长了很多青春痘，那个时候都不敢抬头见人，天天偷偷地照镜子，那个时候自尊心强，又特别爱美，外用内服的药吃了一大堆，钱花了不少，痘痘却是停,用淘米水洗脸，头遍淘米水不要，留下清洁的二遍淘米水，加入一点温水，温度太高，淘米水里有维生素和淀粉；也可以在家里养一盆芦荟，每天切一点下来，榨出汁，把汁加入水中洗脸，或者直接把汁涂在痘痘上，芦荟有修复的作用；还有一招就是用牙膏，早晚涂一点点在痘痘上面，然后洗掉，牙膏可以刘女士之多拍脸法我读高中、大学时也长了很多青春痘，那个时候都不敢抬头见人，天天偷偷地照镜子，那个时候自尊心强，又特别爱美，外用内服的药吃了一大堆，钱花了不少，痘痘却是停
1,差点没,种种手续办完，马老先生差点没晕过去；心里说，早知道这么麻烦，要命也不上外国来！,种种手续办完，马老先生差点晕过去；心里说，早知道这么麻烦，要命也不上外国来！
1,差点没,”政成差点没让鱼骨头噎着，“战死？,”政成差点让鱼骨头噎着，“战死？
1,好不a,我躺下时好不悲伤！我一次又一次想我在斯宾罗先生眼中的寒伧；想我不再会有向朵拉求婚时的自信；想我应当把我的经济状况从实告诉朵拉，如果她认为合适就可以解除这婚约；想我在长长的见习期间，无半分进项，如何度日；想做点什么帮助姨奶奶，却又想不出该做什么；想我穷到身无分文，衣衫我知道，这样多为自己想却很少为姨奶奶想正是我可鄙之处；不过，迄今自私已与朵拉分不开了，我不能因为任何人而把朵拉放在,我躺下时好悲伤！我一次又一次想我在斯宾罗先生眼中的寒伧；想我不再会有向朵拉求婚时的自信；想我应当把我的经济状况从实告诉朵拉，如果她认为合适就可以解除这婚约；想我在长长的见习期间，无半分进项，如何度日；想做点什么帮助姨奶奶，却又想不出该做什么；想我穷到身无分文，衣衫我知道，这样多为自己想却很少为姨奶奶想正是我可鄙之处；不过，迄今自私已与朵拉分不开了，我不能因为任何人而把朵拉放在
1,好不a,黛比看着她们一群好姊妹坐在壁炉前递着酒喝，又说又笑的好不开心。“我们轮流的教她几招对付男人的方法，我先开始。,黛比看着她们一群好姊妹坐在壁炉前递着酒喝，又说又笑的好开心。“我们轮流的教她几招对付男人的方法，我先开始。
1,差点没,不看犹可，一看到症结所在；一向冷颜旁罕笑的欧阳敏差点没笑岔了气。,不看犹可，一看到症结所在；一向冷颜旁罕笑的欧阳敏差点笑岔了气。
0,不要太a,他的体力已经不支，但他还是对我说：对这首诗的解释要宽一些，不要太窄。,他的体力已经不支，但他还是对我说：对这首诗的解释要宽一些，太窄。
1,好不a,结实的肌肉与宽阔的胸膛上，挂着许多细碎的牙印、指印和瘀青，好不壮观！小莫烧红了脸，被他嘲龙的语气羞得不自在地低下头，瞟着仅用被单蔽体的胸膛，想起昨夜的疯狂，心头猛跳。,结实的肌肉与宽阔的胸膛上，挂着许多细碎的牙印、指印和瘀青，好壮观！小莫烧红了脸，被他嘲龙的语气羞得不自在地低下头，瞟着仅用被单蔽体的胸膛，想起昨夜的疯狂，心头猛跳。
1,差点没,济民这一气非同小可，差点没送了半条命。,济民这一气非同小可，差点送了半条命。
0,差点没,白奕云看着他们的游泳教学，觉得和当初阎曜季教他游泳时真是有天壤之别，当时他和曜季才十几岁，曜季有一身好泳技，而他完全不会，曜季好心提议教他游泳，但那一天是他的恶梦，因为曜季完全是斯巴达教育，放他溺水自救，差点没命，但也真有效的让他一天内学会游泳。,白奕云看着他们的游泳教学，觉得和当初阎曜季教他游泳时真是有天壤之别，当时他和曜季才十几岁，曜季有一身好泳技，而他完全不会，曜季好心提议教他游泳，但那一天是他的恶梦，因为曜季完全是斯巴达教育，放他溺水自救，差点命，但也真有效的让他一天内学会游泳。
1,好不a,好几次云晁岳气急，硬是想霸王硬上弓跨上追日，下场总是摔个狗吃屎，好不狼狈。碰过几回钉子，云晁岳终于决定还是他的爱驹迎风可爱，至少迎风怎么也不可能将他摔下。,好几次云晁岳气急，硬是想霸王硬上弓跨上追日，下场总是摔个狗吃屎，好狼狈。碰过几回钉子，云晁岳终于决定还是他的爱驹迎风可爱，至少迎风怎么也不可能将他摔下。
1,难免不,看守所不是生活在真空里，难免不受社会的影响。,看守所不是生活在真空里，难免受社会的影响。
1,好不a,人家在其他姐妹还在热火朝天大干桑拿的时候，便用美色和心计缠上了一个有钱有势的大老板，借助他的钱势做起了自己的生意，越做越大，终于自己也成了名副其实的大老板，有房子有车，好不威风。周慧慧尚未寻觅到理想的靠山，却被蒲德威盯上了。,人家在其他姐妹还在热火朝天大干桑拿的时候，便用美色和心计缠上了一个有钱有势的大老板，借助他的钱势做起了自己的生意，越做越大，终于自己也成了名副其实的大老板，有房子有车，好威风。周慧慧尚未寻觅到理想的靠山，却被蒲德威盯上了。
1,好不a,“呵呵……”轻松的笑语好不快意地又飘了下来。,“呵呵……”轻松的笑语好快意地又飘了下来。
1,好不a,”凝若笑用力地拍拍她的肩，笑得好不灿烂。四姨娘马上加入她的计划，“那就快去尽你身为朋友的道义！,”凝若笑用力地拍拍她的肩，笑得好灿烂。四姨娘马上加入她的计划，“那就快去尽你身为朋友的道义！
1,差点没,试问马伯乐的心情到底为什么愉快呢？鼻子摔破了，差一点没有摔死，摔得昏迷不省，人事不知，到现在那鼻子还在肿着。,试问马伯乐的心情到底为什么愉快呢？鼻子摔破了，差一点摔死，摔得昏迷不省，人事不知，到现在那鼻子还在肿着。
0,不要太a,准备两本厚度相当的书（也不要太厚哦），双手各拿一本。,准备两本厚度相当的书（也太厚哦），双手各拿一本。
1,差点没,”上校差点没给他的话气死，这算哪门子安慰的话！,”上校差点给他的话气死，这算哪门子安慰的话！
1,好不a,这一扯让黄镇东好不心酸，他把这件事在各界领导参加的协调会上提起，说自己当时已经知道孩子的父母已不在人世，却没法对不谙世事的孩子出口解释此事。,这一扯让黄镇东好心酸，他把这件事在各界领导参加的协调会上提起，说自己当时已经知道孩子的父母已不在人世，却没法对不谙世事的孩子出口解释此事。
1,差点没,”谢瑜噘着嘴道：“莫前辈，您不知道静室中面壁是什么滋味，以前我犯了错也被关过，才三天就差点没把我逼疯了，现在要我禁闭六十年之久，那不是要我的命了。,”谢瑜噘着嘴道：“莫前辈，您不知道静室中面壁是什么滋味，以前我犯了错也被关过，才三天就差点把我逼疯了，现在要我禁闭六十年之久，那不是要我的命了。
0,不要太a,有人劝他不要太死心眼，并说像他这样下去，一个朋友也落不下。,有人劝他太死心眼，并说像他这样下去，一个朋友也落不下。
1,难免不,我们再晚片刻，便难免不为所伤了。,我们再晚片刻，便难免为所伤了。
1,好不a,柳逐风离开后，柳追云昂藏的身影立刻闪出电梯旁的巨大盆栽，若有所思的眼眸直盯住柳晏飞办公室的大门，好半晌，他突然咧开了嘴，笑得好不诡异。赖你爱我第五章,柳逐风离开后，柳追云昂藏的身影立刻闪出电梯旁的巨大盆栽，若有所思的眼眸直盯住柳晏飞办公室的大门，好半晌，他突然咧开了嘴，笑得好诡异。赖你爱我第五章
1,差点没,”差一点没把狗子分了尸。,”差一点把狗子分了尸。
0,不要太a,“来歇歇，不要太努力，空气硬，海水硬！,“来歇歇，太努力，空气硬，海水硬！
1,好不a,"眼见意中人和别的女孩同撑一把伞子,有讲有笑的,好不温馨,而自己呢?个人撑著伞在人家的门口外呆站著.刹那间,整个人就像入定般,脸上毫无表情,心中只感到溜溜的,眼睛亦开始湿润了。","眼见意中人和别的女孩同撑一把伞子,有讲有笑的,好温馨,而自己呢?个人撑著伞在人家的门口外呆站著.刹那间,整个人就像入定般,脸上毫无表情,心中只感到溜溜的,眼睛亦开始湿润了。"
1,好不a,可在这时，她突然发现以前那些远不如自己的姐妹们早都阔了：比如“兰姐”，穿金戴银拿手，好不气派；还有“妹”，别看年龄小，也有了传呼机，据说不算穿衣，每月光吃喝消费就要花一二千元。,可在这时，她突然发现以前那些远不如自己的姐妹们早都阔了：比如“兰姐”，穿金戴银拿手，好气派；还有“妹”，别看年龄小，也有了传呼机，据说不算穿衣，每月光吃喝消费就要花一二千元。
0,不要太a,"_女人四十巧穿衣春雨<正>40多岁的女人已经有了些沧桑,岁月已将肉不客气地在肚子、手臂及臀部周围,但干万不要太悲观,巧妙穿衣会让自己亮丽起来。","_女人四十巧穿衣春雨<正>40多岁的女人已经有了些沧桑,岁月已将肉不客气地在肚子、手臂及臀部周围,但干万太悲观,巧妙穿衣会让自己亮丽起来。"
0,几乎没,"黄埔港口的退休工人张新如一辈子几乎没在剧场看过文艺演出,上周他去看了一场大型杂技晚会《金木水火土》。","黄埔港口的退休工人张新如一辈子几乎在剧场看过文艺演出,上周他去看了一场大型杂技晚会《金木水火土》。"
1,差点没,石蝶衣气嘟嘟地推开他的手，头顶气得差点没喷出白烟。,石蝶衣气嘟嘟地推开他的手，头顶气得差点喷出白烟。
1,几乎没,花有几朵，人就有多少个，几乎没挤死我们一家子人。,花有几朵，人就有多少个，几乎挤死我们一家子人。
1,险些没,我神情沮丧，险些没有哭出来。,我神情沮丧，险些有哭出来。
0,不要太a,聂王妃叹气说：＂风儿，你不要太冲动，我们要好好调查这姑娘的来处和意图。,聂王妃叹气说：＂风儿，你太冲动，我们要好好调查这姑娘的来处和意图。
1,好不a,新建的悦宾楼前，一溜十余个摊位前，人头攒动，好不热闹。挤到近前，方见各摊位上民间艺人各显其能，剪纸剪影，吹画指画，石壶石刻，龙凤书法，捏面人，棕编等等。,新建的悦宾楼前，一溜十余个摊位前，人头攒动，好热闹。挤到近前，方见各摊位上民间艺人各显其能，剪纸剪影，吹画指画，石壶石刻，龙凤书法，捏面人，棕编等等。
1,好不a,她的这一举动向我暗示了阿尔贝蒂娜再也不可能到来，我也不得不承认，确实是为了她，我才希望把自己修饰得漂亮潇洒一点，弗朗索瓦丝这一伸手，惹得我好不气恼，我一抽身，把花整个儿给弄皱了，加上她又对我说“最好还是让我取下来，免得这样碰坏了”，我更是火上加火。,她的这一举动向我暗示了阿尔贝蒂娜再也不可能到来，我也不得不承认，确实是为了她，我才希望把自己修饰得漂亮潇洒一点，弗朗索瓦丝这一伸手，惹得我好气恼，我一抽身，把花整个儿给弄皱了，加上她又对我说“最好还是让我取下来，免得这样碰坏了”，我更是火上加火。
1,好不a,我们社会就好像一幅毕加索先生的调颜料板，五光十色，好不可爱。洋大人见之，伸大拇指曰：「进步进步。,我们社会就好像一幅毕加索先生的调颜料板，五光十色，好可爱。洋大人见之，伸大拇指曰：「进步进步。
0,几乎没,全场几乎没有空座位，连楼梯也全部坐满，门口还站了很多同学，整个报告厅水泄不通。,全场几乎有空座位，连楼梯也全部坐满，门口还站了很多同学，整个报告厅水泄不通。
0,几乎没,"王皓出线几乎没遇到什么阻碍,只是在对阵朝鲜的正经哲的比赛中略见险情。","王皓出线几乎遇到什么阻碍,只是在对阵朝鲜的正经哲的比赛中略见险情。"
0,不要太a,当然，患者上医院期间不要太大意，特别是普通感冒去医院就诊最好戴上12层以上棉纱口罩或活性炭口罩，在三四个小时后就应换掉，回家之后则要立刻洗手。,当然，患者上医院期间太大意，特别是普通感冒去医院就诊最好戴上12层以上棉纱口罩或活性炭口罩，在三四个小时后就应换掉，回家之后则要立刻洗手。
0,不要太a,但我警告侄女不要太认真，因为这只能招来更头痛的事。,但我警告侄女太认真，因为这只能招来更头痛的事。
1,难免不,没有理由责怪消费者对出过假酒、毒酒的地方出产的酒抱有警惕，即使那个地方的名酒，也难免不受牵累。,没有理由责怪消费者对出过假酒、毒酒的地方出产的酒抱有警惕，即使那个地方的名酒，也难免受牵累。
0,不要太a,有一次他像是对自己也像是对我们说，不要太急了。,有一次他像是对自己也像是对我们说，太急了。
1,就差没,到第三年挂锄的时候，盖好三间小草房，[就差没]盘炕，没安门窗了,到第三年挂锄的时候，盖好三间小草房，[就差没]盘炕，没安门窗了
0,不要太a,你想着，我们相见不能太早，也不要太迟。,你想着，我们相见不能太早，也太迟。
0,几乎没,再后来，我认识了很多人，有了很多朋友，那次聚会在我脑海里几乎没留下什么痕迹。,再后来，我认识了很多人，有了很多朋友，那次聚会在我脑海里几乎留下什么痕迹。
1,好不a,到了半夜，他们走出房屋，看见木箱果然还在，也不问这里面有没有东西，抬了就走，只觉得这木箱好不沉重，等来到自己家里，就把箱子在他们两个老婆的房中随便一放，独自睡去了。,到了半夜，他们走出房屋，看见木箱果然还在，也不问这里面有没有东西，抬了就走，只觉得这木箱好沉重，等来到自己家里，就把箱子在他们两个老婆的房中随便一放，独自睡去了。
0,不要太a,”丽莉哭得倒在宁三怀里，宁三搂着她，轻轻地说：“丽莉姐，不要太难过，他会知道的！,”丽莉哭得倒在宁三怀里，宁三搂着她，轻轻地说：“丽莉姐，太难过，他会知道的！
0,不要太a,他坚信是金子自然会闪光的，况且他的自身条件不错，只要对方的身高不要太高挑就是了。,他坚信是金子自然会闪光的，况且他的自身条件不错，只要对方的身高太高挑就是了。
0,几乎没,您躺在床上，而她却几乎没穿什么，同时您的衣服在房里扔得到处都是。,您躺在床上，而她却几乎穿什么，同时您的衣服在房里扔得到处都是。
1,好不a,※※※洛阳城里，大街上行人熙来攘往，好不热闹。萧靖多年前曾到过此地几次，是以对城内的几条大街还算熟悉，没多久便来到了城东，找着了那间转运行。,※※※洛阳城里，大街上行人熙来攘往，好热闹。萧靖多年前曾到过此地几次，是以对城内的几条大街还算熟悉，没多久便来到了城东，找着了那间转运行。
1,好不a,”他抽抽搭搭地哭得好不凄惨。“大哥有了你，心里还想着别的女人，人家气不过嘛！,”他抽抽搭搭地哭得好凄惨。“大哥有了你，心里还想着别的女人，人家气不过嘛！
0,不要太a,“我说出来，你不要太吃惊。我的假设也并不见得对，但可以解释许多疑点。,“我说出来，你太吃惊。我的假设也并不见得对，但可以解释许多疑点。
1,好不a,他就这样回转家门，重又跟老婆团聚，掌管自己的财产，好不快乐，后来老婆的肚子一点点大起来了，他还认做他的功劳呢。,他就这样回转家门，重又跟老婆团聚，掌管自己的财产，好快乐，后来老婆的肚子一点点大起来了，他还认做他的功劳呢。
0,不要太a,”这是季平一贯的作风，胆大心细，桑雅一直都相信他，“不要太累了。,”这是季平一贯的作风，胆大心细，桑雅一直都相信他，“太累了。
0,几乎没,还记得有一次，家里吃猪肺，我吃得津津有味，可小胖却几乎没吃。她说猪肺脏，不卫生。,还记得有一次，家里吃猪肺，我吃得津津有味，可小胖却几乎吃。她说猪肺脏，不卫生。
0,a不死r,那可真是个天才呢，华生，可是，只要那些小爪牙弄不死我，我们就总有一天会得胜的。,那可真是个天才呢，华生，可是，只要那些小爪牙弄死我，我们就总有一天会得胜的。
1,难免不,日本在经济军事实力还说不上多么不得了的年代，竟一气搞了两场忘恩负义的战争，所以一听说“脱”呀“归”的，难免不教人有点疑神疑鬼。这样忽而装孙子，忽而当老子，除了思想文化如日本者，怕是任谁也做不来。,日本在经济军事实力还说不上多么不得了的年代，竟一气搞了两场忘恩负义的战争，所以一听说“脱”呀“归”的，难免教人有点疑神疑鬼。这样忽而装孙子，忽而当老子，除了思想文化如日本者，怕是任谁也做不来。
1,就差没,”男子像是小兵见到长官一样，立刻站得直直的，就差没举手敬礼了。,”男子像是小兵见到长官一样，立刻站得直直的，就差举手敬礼了。
1,好不a,白愁飞正值这当儿有许多大事要做的节骨眼上，却急尔想起孙鱼近日做了许多让他不满的事，而影响较大的事至少有这几件：他派孙鱼去暗杀朱小腰，孙鱼不但无功而返，而且从万里望的报告中显示，孙鱼还趁机与王小石叙旧，一声声什么“王三当家的”、“小鱼儿”的喊得好不亲热。孙鱼竟带领王小石从“深记洞窟”劫走了他手上的重要人质，王紫萍和王天六！,白愁飞正值这当儿有许多大事要做的节骨眼上，却急尔想起孙鱼近日做了许多让他不满的事，而影响较大的事至少有这几件：他派孙鱼去暗杀朱小腰，孙鱼不但无功而返，而且从万里望的报告中显示，孙鱼还趁机与王小石叙旧，一声声什么“王三当家的”、“小鱼儿”的喊得好亲热。孙鱼竟带领王小石从“深记洞窟”劫走了他手上的重要人质，王紫萍和王天六！
0,不要太a,所用茶叶量不宜太多，但也不要太少；冲泡的热水温厦以８０℃一ｇＯＴ为。,所用茶叶量不宜太多，但也太少；冲泡的热水温厦以８０℃一ｇＯＴ为。
0,几乎没,而秦海璐自己在中戏读书四年，几乎没拍过什么戏，整日就躲在宿舍里看书练功。,而秦海璐自己在中戏读书四年，几乎拍过什么戏，整日就躲在宿舍里看书练功。
1,好不a,你这个孩子，好不天真。”“欠下多少？,你这个孩子，好天真。”“欠下多少？
1,小心别,见面时，他交给珊妮一只封了口的鸡皮纸袋，嘱咐珊妮小心别掉了。,见面时，他交给珊妮一只封了口的鸡皮纸袋，嘱咐珊妮小心掉了。
0,不要太a,”承欢仍然笑，“责己不要太严。”辛家亮知道讲不过这个机伶女，只得握住她的手深深一吻。,”承欢仍然笑，“责己太严。”辛家亮知道讲不过这个机伶女，只得握住她的手深深一吻。
1,好不a,这一下子，成了。一切都完了，好不痛快！,这一下子，成了。一切都完了，好痛快！
0,好不a,行者努着嘴道：“好不知趣！这半山之中，前不巴村，后不着店，那讨香烛？,行者努着嘴道：“好知趣！这半山之中，前不巴村，后不着店，那讨香烛？
0,好不a,“他总是打达尼埃，看了好不舒服。”我对荷西说着。,“他总是打达尼埃，看了好舒服。”我对荷西说着。
0,好不a,生力，那新加盟又充满憧憬的新兵，感觉到自己的偶像竟在别人之下，心头好不自在。八万“铁甲兵”中，绝大部分是因为拜服小白的才智，而甘心服于麾下。,生力，那新加盟又充满憧憬的新兵，感觉到自己的偶像竟在别人之下，心头好自在。八万“铁甲兵”中，绝大部分是因为拜服小白的才智，而甘心服于麾下。
1,就差没,一碟花生米、一碟五香豆腐干、一碟小脆饼，就差没有一个酒壶和酒杯。,一碟花生米、一碟五香豆腐干、一碟小脆饼，就差有一个酒壶和酒杯。
1,差点没,他正在品尝人间酷似血色的蕃茄汁，差点没被正在打坐的小喜吓得给呛到。,他正在品尝人间酷似血色的蕃茄汁，差点被正在打坐的小喜吓得给呛到。
1,就差没,“只要能在嘴奶奶二十多岁死了丈夫，粗纸也舍不得多花一张的，省吃省用养大了这么个好儿子，一个月倒也挣得二三十块钱种家养眷，奶奶这份儿老福真也不差什么咧――就差没尝过洋饽饽儿的味儿！,“只要能在嘴奶奶二十多岁死了丈夫，粗纸也舍不得多花一张的，省吃省用养大了这么个好儿子，一个月倒也挣得二三十块钱种家养眷，奶奶这份儿老福真也不差什么咧――就差尝过洋饽饽儿的味儿！
1,差点没,”“本・刚恩，本・刚恩，”希尔弗喃喃地说，“你差一点没把我吓死！,”“本・刚恩，本・刚恩，”希尔弗喃喃地说，“你差一点把我吓死！
0,差点没,她由“情”字转回，碰到他的目光，差点没听见侍者的问话。,她由“情”字转回，碰到他的目光，差点听见侍者的问话。
0,不要太a,第三、在城市道路或高速公路上行，电喷车的车速不要太保守。一些车主出于安全考虑，在高速公路上最高时速也很少超过８０公里。,第三、在城市道路或高速公路上行，电喷车的车速太保守。一些车主出于安全考虑，在高速公路上最高时速也很少超过８０公里。
1,好不a,”翠芝抗议：“梁先生，你这话好不风凉，难为我为家务度日如年。,”翠芝抗议：“梁先生，你这话好风凉，难为我为家务度日如年。
1,差点没,开开门一看，老头儿蹦着就出来啦：“哎！驴回来啦！我说王铁嘴这卦灵嘛，一副药就回来啦。驴是回来啦，我差点没拉死！”过来摸摸这驴：“驴呀！驴呀！你哪儿去啦？你可把我想死了！要没王铁嘴这副药你回不来了。”,开开门一看，老头儿蹦着就出来啦：“哎！驴回来啦！我说王铁嘴这卦灵嘛，一副药就回来啦。驴是回来啦，我差点拉死！”过来摸摸这驴：“驴呀！驴呀！你哪儿去啦？你可把我想死了！要没王铁嘴这副药你回不来了。”
1,好不a,峨嵋“伏虎掌”名闻天下，他们一个个打得虎虎生风，好不凌厉！大师兄明通看到丁天仁从外走入，立即脸色一沉，喝道：“丁师弟，你一大清早，不练功，去了那里？,峨嵋“伏虎掌”名闻天下，他们一个个打得虎虎生风，好凌厉！大师兄明通看到丁天仁从外走入，立即脸色一沉，喝道：“丁师弟，你一大清早，不练功，去了那里？
0,几乎没,粘土捏的昆虫是我在中国见到的最精致的粘土制品，其中有金龟子、蚂蚱、大甲壳虫、螳螂、正在捕食的螳螂、蟾蜍和蝎子，另外一些则是在其他国家无法看到的，还有一些我们几乎没见过的泥虫子。,粘土捏的昆虫是我在中国见到的最精致的粘土制品，其中有金龟子、蚂蚱、大甲壳虫、螳螂、正在捕食的螳螂、蟾蜍和蝎子，另外一些则是在其他国家无法看到的，还有一些我们几乎见过的泥虫子。
0,不要太a,由于近期美元有转强的迹象，只要公布的数据不要太差，美元兑日元保持在120．00以上应当没有困难。,由于近期美元有转强的迹象，只要公布的数据太差，美元兑日元保持在120．00以上应当没有困难。
1,几乎没,做父亲的向后跌了开去，几乎没跌倒在地上，南仔又指着他的父亲，大声讲了几句话，就算在再惊骇的情形之下，也可以听到南仔的声音，可是那时，南仔讲的话，他的一家人，都全部听不懂！,做父亲的向后跌了开去，几乎跌倒在地上，南仔又指着他的父亲，大声讲了几句话，就算在再惊骇的情形之下，也可以听到南仔的声音，可是那时，南仔讲的话，他的一家人，都全部听不懂！
1,好不a,当他来到巨龙身边时，这食人魔已经是挺起了胸膛，昂首阔步好不得意。一根木棍潇洒地搭在他的肩上。他毫无生命之忧地站在巨大的躯体前，而且他很想上去揣一脚。不过卡尔提福特还是很满足地往巨龙的身上啐了一口。,当他来到巨龙身边时，这食人魔已经是挺起了胸膛，昂首阔步好得意。一根木棍潇洒地搭在他的肩上。他毫无生命之忧地站在巨大的躯体前，而且他很想上去揣一脚。不过卡尔提福特还是很满足地往巨龙的身上啐了一口。
0,几乎没,罗维民几乎没作任何停留，绕过处理现场的车辆和人群，向赶来现场的交警亮明身分，...,罗维民几乎作任何停留，绕过处理现场的车辆和人群，向赶来现场的交警亮明身分，...
1,差点没,这小高也太讨厌了，我差一点没哭出来。,这小高也太讨厌了，我差一点哭出来。
1,差点没,”说得这一对年轻人差一点没掉下眼泪来。,”说得这一对年轻人差一点掉下眼泪来。
1,差点没,突然，她被凑近的一张笑脸吓了一大跳，差点没惊叫出声。,突然，她被凑近的一张笑脸吓了一大跳，差点惊叫出声。
1,好不a,还有那掩在薄纱内，鲜艳欲滴的胴体，若隐若现的，好不诱人，两个男人都恨不得赶紧用布把她彻彻底底包裹起来，不要让对方看到。,还有那掩在薄纱内，鲜艳欲滴的胴体，若隐若现的，好诱人，两个男人都恨不得赶紧用布把她彻彻底底包裹起来，不要让对方看到。
0,好不a,“想到要在医院过夜，我就觉得好不自在哦！,“想到要在医院过夜，我就觉得好自在哦！
1,差点没,那位头发很光的小伙子差点儿没哭出来。,那位头发很光的小伙子差点儿哭出来。
0,几乎没,这里山大沟深，经济落后，文化生活贫乏，２０多年来，几乎没放过电影。,这里山大沟深，经济落后，文化生活贫乏，２０多年来，几乎放过电影。
1,差点没,”他假装镇定，内心差点没昏倒。,”他假装镇定，内心差点昏倒。
0,不要太a,”又对老孙说：“你也不要太生气，大家找你闹，而不去找华文贤闹，正说明了你在大家心里的分量。,”又对老孙说：“你也太生气，大家找你闹，而不去找华文贤闹，正说明了你在大家心里的分量。
1,差点没,”这句话差点没把百合给吓死，她不安的看着玫瑰，鹊乃担骸澳阋做什么？,”这句话差点把百合给吓死，她不安的看着玫瑰，鹊乃担骸澳阋做什么？
1,差点没,再看到永琪的人，老陈一吓之下差点没有屁滚尿流．他慌慌张张的放开怜情，然后一刻也不敢耽搁的逃走了！,再看到永琪的人，老陈一吓之下差点屁滚尿流．他慌慌张张的放开怜情，然后一刻也不敢耽搁的逃走了！
1,差点没,”站在门口的郭健听了这句话，差一点没笑出声来：这叫什么话呢？,”站在门口的郭健听了这句话，差一点笑出声来：这叫什么话呢？
1,好不a,好不嗦！应该让你陪同小鹤和彩蝶到江南去寻人，省得我耳膜受罪。,好嗦！应该让你陪同小鹤和彩蝶到江南去寻人，省得我耳膜受罪。
1,看我不,”熊大师兄，他若不姓沙还罢了，否则，我熊霸天找他单挑，看我不扭断他娘的脖子根！,”熊大师兄，他若不姓沙还罢了，否则，我熊霸天找他单挑，看我扭断他娘的脖子根！
0,难免不,"在现场协助清点并鉴定武器种类的美军士兵,看到这些物件难免不寒而栗--它们中的任何一件都有可能使他们在伊拉克命丧黄泉。","在现场协助清点并鉴定武器种类的美军士兵,看到这些物件难免寒而栗--它们中的任何一件都有可能使他们在伊拉克命丧黄泉。"
1,小心别,下次再有人去苏州，一定要小心别上那些带路者的当，如果跟他们去买衣服，他们一定要向老板拿回扣，那肯定比自己直接向店家买要贵很多。,下次再有人去苏州，一定要小心上那些带路者的当，如果跟他们去买衣服，他们一定要向老板拿回扣，那肯定比自己直接向店家买要贵很多。
1,差点没,练了一个礼拜，她差点儿没累死。,练了一个礼拜，她差点儿累死。
1,难免不,也有人仍想挤到近处，难免不挨了锦衣卫和兵马司的皮鞭、棍棒，更严重的是加一个在皇后千秋节扰乱经场的罪名，用绳子捆了带走。,也有人仍想挤到近处，难免挨了锦衣卫和兵马司的皮鞭、棍棒，更严重的是加一个在皇后千秋节扰乱经场的罪名，用绳子捆了带走。
1,好不a,然而，这消息毕竟传到洛阳城了――早晨的阳光温柔地射进了木窗，其心施施然从床上坐了起来，他把窗子推得更开一些，窗外，一片光明晨景好不美丽。其心把被子踢开，轻轻跃下床来，他推开房门，门口已站了两个人。,然而，这消息毕竟传到洛阳城了――早晨的阳光温柔地射进了木窗，其心施施然从床上坐了起来，他把窗子推得更开一些，窗外，一片光明晨景好美丽。其心把被子踢开，轻轻跃下床来，他推开房门，门口已站了两个人。
0,差点没,一把抓住公爵夫人的手，仿佛她想溜掉，仿佛她想溜掉，他差点儿没有把她留住似的,一把抓住公爵夫人的手，仿佛她想溜掉，仿佛她想溜掉，他差点儿有把她留住似的
0,不要太a,（２）在妊娠中后期加强运动，营养浓度不要太高。（３）使用前列腺，使其比预产期提前１～２天产仔，最好控制在白天产仔，便于助产（一般在当日早晨注射１支，第二天上午开始产仔）。,（２）在妊娠中后期加强运动，营养浓度太高。（３）使用前列腺，使其比预产期提前１～２天产仔，最好控制在白天产仔，便于助产（一般在当日早晨注射１支，第二天上午开始产仔）。
1,好不a,※※※星期二机场内人来人往好不热闹，若不是费天翔在电话里再三的恳求，戴晴才不想来送这个害她和费云翔大吵一架的罪魁祸首，但，当她见着费天翔，却不免为他浑身的伤大惊，大惊失色的追问：“你怎么啦？,※※※星期二机场内人来人往好热闹，若不是费天翔在电话里再三的恳求，戴晴才不想来送这个害她和费云翔大吵一架的罪魁祸首，但，当她见着费天翔，却不免为他浑身的伤大惊，大惊失色的追问：“你怎么啦？
1,好不a,炎热的下午的阳光从两扇大窗户漾进来，她往椅背上一靠，伸出双脚，好不惬意！太阳离开了阳台，石墩上几个陶制花盆里可怜的植物耐不住炎热，蜷缩起干巴巴的叶子；阳台一角的木板上那口圆圆的锅里，一棵荷兰芹却倍受照料，生机勃勃；猫在一块席子上睡得正香，墩布挂在绳子上晒晾；外面，湛蓝“你胃口不错，若安娜太太，胃口不错！,炎热的下午的阳光从两扇大窗户漾进来，她往椅背上一靠，伸出双脚，好惬意！太阳离开了阳台，石墩上几个陶制花盆里可怜的植物耐不住炎热，蜷缩起干巴巴的叶子；阳台一角的木板上那口圆圆的锅里，一棵荷兰芹却倍受照料，生机勃勃；猫在一块席子上睡得正香，墩布挂在绳子上晒晾；外面，湛蓝“你胃口不错，若安娜太太，胃口不错！
1,难免不,尧说：“儿子多了，无力管教，将成为负累；财富多了，不善处理，必多事端；而活得太久，就难免不被人诟辱为老而不死。,尧说：“儿子多了，无力管教，将成为负累；财富多了，不善处理，必多事端；而活得太久，就难免被人诟辱为老而不死。
1,就差没,他的手已经举起来，[就差没]有打下去。,他的手已经举起来，[就差没]有打下去。
1,好不a,偏偏天冷山高，火势不易燃大，白粥较难煮开，急得她好不心焦。好不容易盼到粥热，赶忙取来，并将父亲扶起，靠在石壁，一口口喂食过去，仍自不断问着：“爹爹您觉得如何？,偏偏天冷山高，火势不易燃大，白粥较难煮开，急得她好心焦。好不容易盼到粥热，赶忙取来，并将父亲扶起，靠在石壁，一口口喂食过去，仍自不断问着：“爹爹您觉得如何？
1,差点没,”田蜜差点没跪下来求他们。,”田蜜差点跪下来求他们。
0,不要太a,“老太太也不要太高兴，不家肯不肯，还在未知之数。,“老太太也太高兴，不家肯不肯，还在未知之数。
0,几乎没,只剩一条腿的小兵王浦生几乎没穿衣服，只穿着各种绷带。,只剩一条腿的小兵王浦生几乎穿衣服，只穿着各种绷带。
1,好不a,啸声一进洞，一进了这矮矮小小，狭窄的洞穴，便变得更响了，那声音直钻入郭无雨的耳中，好不难受。郭无雨年纪还小，更没什么功力，如何能抵御黑衣人的啸声？,啸声一进洞，一进了这矮矮小小，狭窄的洞穴，便变得更响了，那声音直钻入郭无雨的耳中，好难受。郭无雨年纪还小，更没什么功力，如何能抵御黑衣人的啸声？
1,好不a,就在切尼访问唐宁街的那一天，７０名议员联合签署的一份“深表不安”的动议书送到了唐宁街１０号，令布莱尔好不尴尬。此外，美国副总统切尼访问中东１１国时遭到的冷遇，使“烫手山芋”变得更烫手了。,就在切尼访问唐宁街的那一天，７０名议员联合签署的一份“深表不安”的动议书送到了唐宁街１０号，令布莱尔好尴尬。此外，美国副总统切尼访问中东１１国时遭到的冷遇，使“烫手山芋”变得更烫手了。
1,就差没,我为那些花瓣鞠了一把泪，就差没学黛玉葬花了。,我为那些花瓣鞠了一把泪，就差学黛玉葬花了。
0,差点没,水若在睡梦中被他压得差点没了气，猛然惊醒过来，连连咳了几声才回过气。,水若在睡梦中被他压得差点了气，猛然惊醒过来，连连咳了几声才回过气。
1,难免不,新任财政大臣克拉克表示，只靠经济复苏不能解决赤字问题，而加税又难免不影响刚刚复苏的经济。,新任财政大臣克拉克表示，只靠经济复苏不能解决赤字问题，而加税又难免影响刚刚复苏的经济。
1,差点没,雷环山乍听到这个消息时，却像被人从背后猛击了一掌，差点没昏厥过去。,雷环山乍听到这个消息时，却像被人从背后猛击了一掌，差点昏厥过去。
0,几乎没,罗维民几乎没作任何停留，绕过处理现场的车辆和人群，向赶来现场的交警亮明身分，可能是由于前面做了工作的原因，公路上的车辆越来越稀少，于是罗维民的车也就越开越快。,罗维民几乎作任何停留，绕过处理现场的车辆和人群，向赶来现场的交警亮明身分，可能是由于前面做了工作的原因，公路上的车辆越来越稀少，于是罗维民的车也就越开越快。
0,几乎没,"从澳大利亚返回已经六年了,但移民的苦难和这六年时光几乎没在AA身上留下痕迹,她就像一株鲜活水灵的植物","从澳大利亚返回已经六年了,但移民的苦难和这六年时光几乎在AA身上留下痕迹,她就像一株鲜活水灵的植物"
1,好不a,中山公园门前，卖小兔子、小鸡、小鸭、小豚猪的小贩也像被一夜春风催生出来似的，好不热闹，吸引了众多小孩子和年轻人的流连。,中山公园门前，卖小兔子、小鸡、小鸭、小豚猪的小贩也像被一夜春风催生出来似的，好热闹，吸引了众多小孩子和年轻人的流连。
0,不要太a,“皓祯，你不要太难过，”吟霜咽着泪说：“说不定我是一只白狐，你就当我是只白狐吧！,“皓祯，你太难过，”吟霜咽着泪说：“说不定我是一只白狐，你就当我是只白狐吧！
1,好不a,”李存孝好不窘迫，道：“这个……我倒没听她说什么。,”李存孝好窘迫，道：“这个……我倒没听她说什么。
0,不要太a,为避免类似情况发生，对初次接受短化和药物服的病人，第一次发药不要太多，以１周蠢为，并对病人详细说明用药方法及注意事项。,为避免类似情况发生，对初次接受短化和药物服的病人，第一次发药太多，以１周蠢为，并对病人详细说明用药方法及注意事项。
0,几乎没,李推门进来的时候，我几乎没敢看坐在屋里的杨，李和杨在大学中那段尽人皆知的感情，让围坐叙旧的人们一下子失去了和尴尬抗衡的勇气。,李推门进来的时候，我几乎敢看坐在屋里的杨，李和杨在大学中那段尽人皆知的感情，让围坐叙旧的人们一下子失去了和尴尬抗衡的勇气。
0,差点没,”我差一点儿没抓住燕妮那只藏在皮大衣肥大衣袖中的手。,”我差一点儿抓住燕妮那只藏在皮大衣肥大衣袖中的手。
0,几乎没,老一代敦煌保护专家李云鹤说，从1944年敦煌艺术研究所成立到现在，莫高窟清沙工作几乎没停过。,老一代敦煌保护专家李云鹤说，从1944年敦煌艺术研究所成立到现在，莫高窟清沙工作几乎停过。
1,差点没,四肢突然颤抖，浑身打了一个寒噤，趔趄了一下，心里猛的一惊，差点儿没有摔倒。,四肢突然颤抖，浑身打了一个寒噤，趔趄了一下，心里猛的一惊，差点儿摔倒。
0,好不a,他这种深情的样子看得日烨好不自在。莫名的感动也在她的心中泛开来。,他这种深情的样子看得日烨好自在。莫名的感动也在她的心中泛开来。
0,几乎没,几乎没用多少市场推销攻势，亚运村以自身的知名度高、条件优越、服务功能齐...,几乎用多少市场推销攻势，亚运村以自身的知名度高、条件优越、服务功能齐...
1,小心别,特地从河南林县打来长途电话，嘱咐“老穆”要多穿衣服，小心别着凉……,特地从河南林县打来长途电话，嘱咐“老穆”要多穿衣服，小心着凉……
1,差点没,”不知是夸或贬，他笑到差点没呛到，还是一字不漏地说得很清楚。,”不知是夸或贬，他笑到差点呛到，还是一字不漏地说得很清楚。
1,就差没,”小林急得就差没跳起来。,”小林急得就差跳起来。
0,不要太a,当您收下了人家一点点轻微的礼品，叫我用许多贵重的东西酬答他们的时候，我总是摇头流泪，甚至于不顾自己卑贱的身分，再三劝告您不要太慷慨了。,当您收下了人家一点点轻微的礼品，叫我用许多贵重的东西酬答他们的时候，我总是摇头流泪，甚至于不顾自己卑贱的身分，再三劝告您太慷慨了。
1,好不a,韩江也暗暗觉得有些古怪，看殊儿在厅里游来荡去好不焦急，便道：“那我们同去魏先生的书房看看就是。,韩江也暗暗觉得有些古怪，看殊儿在厅里游来荡去好焦急，便道：“那我们同去魏先生的书房看看就是。
0,几乎没,很瘦，面色潮红，眼睛发亮，身上几乎没穿什么，一条紧绷绷的三角裤衩形迹可疑地鼓着。,很瘦，面色潮红，眼睛发亮，身上几乎穿什么，一条紧绷绷的三角裤衩形迹可疑地鼓着。
0,几乎没,她被强逼去学校学习她漏掉的许多课程，因为之前几乎没上过几堂课，她根本大字不认得几个，她那特殊敏锐的能力更加的令她感受到他人的情绪，学习所带来的障碍、同学的舢笑及恶意的作弄、老师自以为是的责骂每每令她一下课就躲在厕所哭泣。,她被强逼去学校学习她漏掉的许多课程，因为之前几乎上过几堂课，她根本大字不认得几个，她那特殊敏锐的能力更加的令她感受到他人的情绪，学习所带来的障碍、同学的舢笑及恶意的作弄、老师自以为是的责骂每每令她一下课就躲在厕所哭泣。
1,好不a,人，只是由于习俗的原因勉强为之，为的是给自己保留结婚的可能性，可他们很少想象男欢女爱所能带来的乐趣，因而容不得他们心爱的男人去品尝此种乐趣；后一原因是在他们与女人的关系中，他们为爱女色的女人扮演了另一个女人的角色，而与此同时，女人也差不多给他们提供了他们从男人身上获得的乐趣，以致妒火中烧的男友，一想到他情之所钟的男子竟与在他看来活脱脱是个男人的女人结合，心中好不痛苦，他同时感到心爱的男友就要摆脱他，因为对那些女人来说，这男子有点味儿，有点儿女人的我们暂且也不提那些疯狂少年，他们孩子气十足，故意戏弄朋友，冒犯父母，几近疯狂地热衷于选择裙袍之类的服装，抹口红，画眉黛；这些人姑且不提，因为末了遇到的往往是这种人，他们无论有多冷酷，却再也难以忍受自我作践带来的痛苦，于是便会一辈子规规矩矩，俨然似新教徒，试图纠正过去一时中邪铸成的过,人，只是由于习俗的原因勉强为之，为的是给自己保留结婚的可能性，可他们很少想象男欢女爱所能带来的乐趣，因而容不得他们心爱的男人去品尝此种乐趣；后一原因是在他们与女人的关系中，他们为爱女色的女人扮演了另一个女人的角色，而与此同时，女人也差不多给他们提供了他们从男人身上获得的乐趣，以致妒火中烧的男友，一想到他情之所钟的男子竟与在他看来活脱脱是个男人的女人结合，心中好痛苦，他同时感到心爱的男友就要摆脱他，因为对那些女人来说，这男子有点味儿，有点儿女人的我们暂且也不提那些疯狂少年，他们孩子气十足，故意戏弄朋友，冒犯父母，几近疯狂地热衷于选择裙袍之类的服装，抹口红，画眉黛；这些人姑且不提，因为末了遇到的往往是这种人，他们无论有多冷酷，却再也难以忍受自我作践带来的痛苦，于是便会一辈子规规矩矩，俨然似新教徒，试图纠正过去一时中邪铸成的过
0,不要太a,３防盗选择优良蜜源场地，间距离不要太近；根据季节、气候、地形，灵活摆放排列蜂群，预防盗和迷巢。,３防盗选择优良蜜源场地，间距离太近；根据季节、气候、地形，灵活摆放排列蜂群，预防盗和迷巢。
1,好不a,小姑娘哇哇地哭叫起来，那女人骂道：“揍死你这小杂种，你再哭！成天活也不干，白吃白喝，咱们小门小户，翻土拉块的人家，能养活起你吗？见天吃得饱饱的，喝得足足的，去串门子，倒好不自在！”,小姑娘哇哇地哭叫起来，那女人骂道：“揍死你这小杂种，你再哭！成天活也不干，白吃白喝，咱们小门小户，翻土拉块的人家，能养活起你吗？见天吃得饱饱的，喝得足足的，去串门子，倒好自在！”
0,好不a,＂雨梅顿觉这对沙慕凡来说，好不公平呀！,＂雨梅顿觉这对沙慕凡来说，好公平呀！
1,好不a,来的是一小队衙差，约十二三人，由一统带领队，大摇大摆，好不威风。他们选了一户人家。,来的是一小队衙差，约十二三人，由一统带领队，大摇大摆，好威风。他们选了一户人家。
0,不要太a,小叶，放心大胆地找，眼光不要太高。谁敢说三道四，我来批他！,小叶，放心大胆地找，眼光太高。谁敢说三道四，我来批他！
0,不要太a,你眼光不要太高，要不然就会像陈先生他儿子一样讨不到老婆哟。,你眼光太高，要不然就会像陈先生他儿子一样讨不到老婆哟。
1,差点没,三妖徒本来一肚子的恶气无从发泄，行经崖口前面，正在互相谈论，不料一条大柏木船由左侧断崖缺口内冲波乱流横断过来，差一点没有撞上。,三妖徒本来一肚子的恶气无从发泄，行经崖口前面，正在互相谈论，不料一条大柏木船由左侧断崖缺口内冲波乱流横断过来，差一点撞上。
1,好不a,‘寒泉冰’一个翻身，天马掠空，已飞过他头顶，挡在前头，目中凶光闪闪，宛如藏着什么妖魔鬼怪，好不吓人：“干什么？,‘寒泉冰’一个翻身，天马掠空，已飞过他头顶，挡在前头，目中凶光闪闪，宛如藏着什么妖魔鬼怪，好吓人：“干什么？
1,差点没,”高人凤摸摸头道：“我是糊涂了，所以才没有想到这一层，不过到后来，你把紫凤钗还给师妹，我才想到是她，当然还有一部分的推究和茜妹是相同的……”刘翩翩讪然笑道：“你跟谢姊姊同必同德，想法自然是一致的，只苦了我，刚才差点没拉出剑来抹了脖子！,”高人凤摸摸头道：“我是糊涂了，所以才没有想到这一层，不过到后来，你把紫凤钗还给师妹，我才想到是她，当然还有一部分的推究和茜妹是相同的……”刘翩翩讪然笑道：“你跟谢姊姊同必同德，想法自然是一致的，只苦了我，刚才差点拉出剑来抹了脖子！
0,几乎没,火灾扑灭后，记者多次进入严密封锁的火灾现场，眼前见到的只是黑漆漆的废墟，几乎没留下什么完整的物件。,火灾扑灭后，记者多次进入严密封锁的火灾现场，眼前见到的只是黑漆漆的废墟，几乎留下什么完整的物件。
0,不要太a,”刘备与关羽正走间，忽碰到单福之妹冬梅，玄德忙关切的道：“冬梅，你不要太悲伤了。,”刘备与关羽正走间，忽碰到单福之妹冬梅，玄德忙关切的道：“冬梅，你太悲伤了。
